,movie,year,imdb,metascore,votes,grossMillions,timeMin
0,Knives Out,2019,7.9,82.0,337202,165.36,130
1,Ford v Ferrari,2019,8.1,81.0,229395,117.62,152
2,Once Upon a Time... in Hollywood,2019,7.7,83.0,485817,142.5,161
3,Parasite,2019,8.6,96.0,438957,53.37,132
4,Joker,2019,8.5,59.0,819427,335.45,122
5,The Gentlemen,2019,7.9,51.0,155101,24.795,113
6,1917,2019,8.3,78.0,336848,159.23,119
7,Avengers: Endgame,2019,8.4,78.0,734503,858.37,181
8,Into the Wild,2007,8.1,73.0,555708,18.35,148
9,The Shawshank Redemption,1994,9.3,80.0,2257069,28.34,142
10,Inception,2010,8.8,74.0,1979973,292.58,148
11,Jojo Rabbit,2019,7.9,58.0,232731,0.35,108
12,The Godfather,1972,9.2,100.0,1557371,134.97,175
13,The Lord of the Rings: The Fellowship of the Ring,2001,8.8,92.0,1607862,315.54,178
14,Back to the Future,1985,8.5,87.0,1013330,210.61,116
15,Little Women,2019,7.9,91.0,112662,108.1,135
16,Interstellar,2014,8.6,74.0,1429345,188.02,169
17,The Dark Knight,2008,9.0,84.0,2223189,534.86,152
18,Watchmen,2009,7.6,56.0,487265,107.51,162
19,Harry Potter and the Sorcerer's Stone,2001,7.6,64.0,618199,317.58,152
20,The Silence of the Lambs,1991,8.6,85.0,1222451,130.74,118
21,The Wolf of Wall Street,2013,8.2,75.0,1126811,116.9,180
22,Call Me by Your Name,2017,7.9,93.0,195013,18.1,132
23,Thor: Ragnarok,2017,7.9,74.0,556921,315.06,130
24,Jaws,1975,8.0,87.0,531477,260.0,124
25,Alien,1979,8.4,89.0,762132,78.9,117
26,The Help,2011,8.1,62.0,416335,169.71,146
27,The Matrix,1999,8.7,73.0,1618649,171.48,136
28,Jurassic Park,1993,8.1,68.0,836014,402.45,127
29,Pulp Fiction,1994,8.9,94.0,1766243,107.93,154
30,Django Unchained,2012,8.4,81.0,1305929,162.81,165
31,Inglourious Basterds,2009,8.3,69.0,1218351,120.54,153
32,The Lighthouse,2019,7.6,83.0,111075,0.43,109
33,V for Vendetta,2005,8.2,62.0,1002318,70.51,132
34,The Princess Bride,1987,8.1,77.0,381724,30.86,98
35,Gladiator,2000,8.5,67.0,1296700,187.71,155
36,Spider-Man: Into the Spider-Verse,2018,8.4,87.0,325501,190.24,117
37,Avengers: Infinity War,2018,8.4,68.0,783754,678.82,149
38,Mad Max: Fury Road,2015,8.1,90.0,847315,154.06,120
39,Boogie Nights,1997,7.9,85.0,231781,26.4,155
40,The Prestige,2006,8.5,66.0,1143506,53.09,130
41,Titanic,1997,7.8,75.0,1016698,659.33,194
42,Forrest Gump,1994,8.8,82.0,1739792,330.25,142
43,Gone Girl,2014,8.1,79.0,824700,167.77,149
44,Kingsman: The Secret Service,2014,7.7,60.0,575558,128.26,129
45,The Green Mile,1999,8.6,61.0,1100517,136.8,189
46,Zodiac,2007,7.7,78.0,436059,33.08,157
47,Se7en,1995,8.6,65.0,1389164,100.13,127
48,Fight Club,1999,8.8,66.0,1793296,37.03,139
49,Blade Runner 2049,2017,8.0,81.0,434456,92.05,164
50,Bohemian Rhapsody,2018,8.0,49.0,427780,216.43,134
51,The Irishman,2019,7.9,94.0,296454,24.795,209
52,The Goonies,1985,7.8,62.0,234325,61.5,114
53,Léon: The Professional,1994,8.5,64.0,998819,19.5,110
54,No Country for Old Men,2007,8.1,91.0,822327,74.28,122
55,Goodfellas,1990,8.7,90.0,981975,46.84,146
56,Skyfall,2012,7.7,81.0,617384,304.36,143
57,Mission: Impossible - Fallout,2018,7.7,86.0,275707,220.16,147
58,Do the Right Thing,1989,7.9,93.0,84184,27.55,120
59,The Dark Knight Rises,2012,8.4,78.0,1469468,448.14,164
60,The Lord of the Rings: The Return of the King,2003,8.9,94.0,1592835,377.85,201
61,The Departed,2006,8.5,85.0,1149917,132.38,151
62,Get Out,2017,7.7,85.0,464994,176.04,104
63,Baby Driver,2017,7.6,86.0,415191,107.83,113
64,Batman Begins,2005,8.2,70.0,1268275,206.85,140
65,Gone with the Wind,1939,8.1,97.0,281154,198.68,238
66,Guardians of the Galaxy,2014,8.0,76.0,1016915,333.18,121
67,Apocalypse Now,1979,8.4,94.0,585499,83.47,147
68,Almost Famous,2000,7.9,90.0,245554,32.53,122
69,Raiders of the Lost Ark,1981,8.4,85.0,858916,248.16,115
70,Portrait of a Lady on Fire,2019,8.1,95.0,42919,24.795,122
71,Schindler's List,1993,8.9,94.0,1172293,96.9,195
72,The Fifth Element,1997,7.7,52.0,423149,63.54,126
73,Green Book,2018,8.2,69.0,331222,85.08,130
74,The Shining,1980,8.4,66.0,859452,44.02,146
75,Pirates of the Caribbean: The Curse of the Black Pearl,2003,8.0,63.0,996894,305.41,143
76,Taxi Driver,1976,8.3,94.0,696012,28.26,114
77,Saving Private Ryan,1998,8.6,91.0,1193259,216.54,169
78,The Godfather: Part II,1974,9.0,90.0,1088430,57.3,202
79,Guardians of the Galaxy Vol. 2,2017,7.6,67.0,543878,389.81,136
80,Avatar,2009,7.8,83.0,1095728,760.51,162
81,Harry Potter and the Goblet of Fire,2005,7.7,81.0,525665,290.01,157
82,Moana,2016,7.6,81.0,255865,248.76,107
83,Star Wars: Episode IV - A New Hope,1977,8.6,90.0,1196478,322.74,121
84,Shutter Island,2010,8.1,63.0,1085452,128.01,138
85,Inside Man,2006,7.6,76.0,328973,88.51,129
86,Star Trek,2009,7.9,82.0,569894,257.73,127
87,The Avengers,2012,8.0,69.0,1235575,623.28,143
88,Dazed and Confused,1993,7.6,78.0,159481,7.99,102
89,Falling Down,1993,7.6,56.0,164895,40.9,113
90,Toy Story 4,2019,7.8,84.0,183801,434.04,100
91,Harry Potter and the Deathly Hallows: Part 2,2011,8.1,85.0,737128,381.01,130
92,Spirited Away,2001,8.6,96.0,617733,10.06,125
93,The Hobbit: An Unexpected Journey,2012,7.8,58.0,743090,303.0,169
94,La La Land,2016,8.0,94.0,482197,151.1,128
95,Dunkirk,2017,7.9,94.0,522513,188.37,106
96,There Will Be Blood,2007,8.2,93.0,497873,40.22,158
97,Whiplash,2014,8.5,88.0,682444,13.09,106
98,The Curious Case of Benjamin Button,2008,7.8,70.0,571884,127.51,166
99,Prisoners,2013,8.1,70.0,574401,61.0,153
100,The Hateful Eight,2015,7.8,68.0,493177,54.12,168
101,The Usual Suspects,1995,8.5,77.0,961163,23.34,106
102,A Star Is Born,2018,7.7,88.0,312633,215.29,136
103,True Romance,1993,7.9,59.0,200603,12.28,119
104,Ferris Bueller's Day Off,1986,7.8,61.0,310109,70.14,103
105,Catch Me If You Can,2002,8.1,75.0,790005,164.62,141
106,A Clockwork Orange,1971,8.3,80.0,734612,6.21,136
107,The Breakfast Club,1985,7.9,66.0,343865,45.88,97
108,300,2006,7.6,52.0,719150,210.61,117
109,Braveheart,1995,8.3,68.0,936305,75.6,178
110,American Beauty,1999,8.3,84.0,1042546,130.1,122
111,Coco,2017,8.4,81.0,344482,209.73,105
112,The Magnificent Seven,1960,7.7,74.0,85251,4.91,128
113,Rogue One: A Star Wars Story,2016,7.8,65.0,534106,532.18,133
114,The Martian,2015,8.0,80.0,734393,228.43,144
115,What We Do in the Shadows,2014,7.7,76.0,147775,3.33,86
116,Blade Runner,1982,8.1,84.0,672626,32.87,117
117,The Lord of the Rings: The Two Towers,2002,8.7,87.0,1439235,342.55,179
118,Zootopia,2016,8.0,78.0,416863,341.27,108
119,Indiana Jones and the Last Crusade,1989,8.2,65.0,671764,197.17,127
120,Requiem for a Dream,2000,8.3,68.0,742774,3.64,102
121,Casino,1995,8.2,73.0,447607,42.44,178
122,The Social Network,2010,7.7,95.0,603779,96.96,120
123,12 Years a Slave,2013,8.1,96.0,619187,56.67,134
124,Aliens,1986,8.3,84.0,634768,85.16,137
125,The Big Lebowski,1998,8.1,71.0,705101,17.5,117
126,Memento,2000,8.4,80.0,1089599,25.54,113
127,Terminator 2: Judgment Day,1991,8.5,75.0,967886,204.84,137
128,E.T. the Extra-Terrestrial,1982,7.8,91.0,359492,435.11,115
129,12 Angry Men,1957,8.9,96.0,661170,4.36,96
130,Apocalypto,2006,7.8,68.0,284078,50.87,139
131,The Terminator,1984,8.0,84.0,778506,38.4,107
132,Good Will Hunting,1997,8.3,70.0,829468,138.43,126
133,Harry Potter and the Prisoner of Azkaban,2004,7.9,82.0,528062,249.36,142
134,Scarface,1983,8.3,65.0,714273,45.6,170
135,The Blues Brothers,1980,7.9,60.0,177007,57.23,133
136,Marriage Story,2019,8.0,94.0,218969,24.795,137
137,The Lion King,1994,8.5,88.0,909505,422.78,88
138,Deadpool,2016,8.0,65.0,875618,363.07,108
139,Psycho,1960,8.5,97.0,580403,32.0,109
140,Minority Report,2002,7.6,80.0,495184,132.07,145
141,Deadpool 2,2018,7.7,66.0,454787,324.59,119
142,Hidden Figures,2016,7.8,74.0,190927,169.61,127
143,Lawrence of Arabia,1962,8.3,100.0,259071,44.82,228
144,Heat,1995,8.2,76.0,557311,67.44,170
145,The Revenant,2015,8.0,76.0,678321,183.64,156
146,The Notebook,2004,7.8,53.0,503479,81.0,123
147,"The Good, the Bad and the Ugly",1966,8.8,90.0,666396,6.1,178
148,Blue Is the Warmest Colour,2013,7.7,88.0,134037,2.2,180
149,Kill Bill: Vol. 1,2003,8.1,69.0,969769,70.1,111
150,Iron Man,2008,7.9,79.0,915190,318.41,126
151,The Grand Budapest Hotel,2014,8.1,88.0,681371,59.1,99
152,Malcolm X,1992,7.7,72.0,82399,48.17,202
153,American History X,1998,8.5,62.0,1006857,6.72,119
154,Casino Royale,2006,8.0,80.0,566702,167.45,144
155,X-Men: First Class,2011,7.7,65.0,633894,146.41,131
156,Arrival,2016,7.9,81.0,569186,100.55,116
157,Ex Machina,2014,7.7,78.0,457772,25.44,108
158,Her,2013,8.0,90.0,517739,25.57,126
159,Back to the Future Part II,1989,7.8,57.0,461765,118.5,108
160,Willy Wonka & the Chocolate Factory,1971,7.8,67.0,172412,4.0,100
161,A Few Good Men,1992,7.7,62.0,227256,141.34,138
162,American Psycho,2000,7.6,64.0,467520,15.07,101
163,Room,2015,8.1,86.0,352250,14.68,118
164,One Flew Over the Cuckoo's Nest,1975,8.7,83.0,884280,112.0,133
165,Captain America: Civil War,2016,7.8,75.0,638265,408.08,147
166,Tombstone,1993,7.8,50.0,121918,56.51,130
167,"Three Billboards Outside Ebbing, Missouri",2017,8.2,88.0,403809,54.51,115
168,Ghostbusters,1984,7.8,71.0,344421,238.63,105
169,Full Metal Jacket,1987,8.3,76.0,652365,46.36,116
170,Drive,2011,7.8,78.0,554186,35.06,100
171,Die Hard,1988,8.2,72.0,762868,83.01,132
172,Crash,2004,7.8,66.0,413475,54.58,112
173,Mulholland Drive,2001,8.0,85.0,309589,7.22,147
174,Cast Away,2000,7.8,73.0,505936,233.63,143
175,Ratatouille,2007,8.0,96.0,619937,206.45,111
176,Black Swan,2010,8.0,79.0,682165,106.95,108
177,Sicario,2015,7.6,82.0,356640,46.89,121
178,The Perks of Being a Wallflower,2012,8.0,67.0,447824,17.74,103
179,The Peanut Butter Falcon,2019,7.6,70.0,42587,13.12,97
180,Hacksaw Ridge,2016,8.1,71.0,412359,67.21,139
181,2001: A Space Odyssey,1968,8.3,84.0,582261,56.95,149
182,Indiana Jones and the Temple of Doom,1984,7.6,57.0,434101,179.87,118
183,Unforgiven,1992,8.2,85.0,363794,101.16,130
184,Remember the Titans,2000,7.8,48.0,192844,115.65,113
185,The Big Short,2015,7.8,81.0,344184,70.26,130
186,Logan,2017,8.1,77.0,620621,226.28,137
187,The Thing,1982,8.1,57.0,356454,13.78,109
188,Eternal Sunshine of the Spotless Mind,2004,8.3,89.0,881892,34.4,108
189,The Imitation Game,2014,8.0,73.0,661712,91.13,114
190,The Hangover,2009,7.7,73.0,701961,277.32,100
191,Oldboy,2003,8.4,77.0,496279,0.71,101
192,Pride & Prejudice,2005,7.8,82.0,244551,38.41,129
193,Atonement,2007,7.8,85.0,241401,50.93,123
194,Reservoir Dogs,1992,8.3,79.0,889316,2.83,99
195,Apollo 13,1995,7.6,77.0,260314,173.84,140
196,Edge of Tomorrow,2014,7.9,71.0,581492,100.21,113
197,Star Wars: Episode V - The Empire Strikes Back,1980,8.7,82.0,1124166,290.48,124
198,Love Actually,2003,7.6,55.0,413679,59.7,135
199,Howl's Moving Castle,2004,8.2,80.0,313414,4.71,119
200,Star Wars: Episode VII - The Force Awakens,2015,7.9,80.0,840869,936.66,138
201,Ocean's Eleven,2001,7.7,74.0,500604,183.42,116
202,Stand by Me,1986,8.1,75.0,352292,52.29,89
203,Come and See,1985,8.3,79.0,51931,24.795,142
204,Snatch,2000,8.3,55.0,761215,30.33,102
205,Harry Potter and the Half-Blood Prince,2009,7.6,78.0,453468,301.96,153
206,Donnie Darko,2001,8.0,88.0,724584,1.48,113
207,Birdman or (The Unexpected Virtue of Ignorance),2014,7.7,87.0,561382,42.34,119
208,Your Name.,2016,8.4,79.0,172702,5.02,106
209,The Invisible Guest,2016,8.1,79.0,122222,24.795,106
210,Life Is Beautiful,1997,8.6,59.0,600033,57.6,116
211,The Truman Show,1998,8.1,90.0,899883,125.62,103
212,Big Hero 6,2014,7.8,74.0,397819,222.53,102
213,Harry Potter and the Deathly Hallows: Part 1,2010,7.7,65.0,458741,295.98,146
214,The Sixth Sense,1999,8.1,64.0,888400,293.51,107
215,Midnight in Paris,2011,7.7,81.0,376082,56.82,94
216,Gifted,2017,7.6,60.0,94305,24.8,101
217,The Pianist,2002,8.5,85.0,700974,32.57,150
218,The Florida Project,2017,7.6,92.0,87479,5.9,111
219,Children of Men,2006,7.9,84.0,452148,35.55,109
220,The Handmaiden,2016,8.1,84.0,101500,2.01,145
221,Captain Fantastic,2016,7.9,72.0,179577,5.88,118
222,The Girl with the Dragon Tattoo,2011,7.8,71.0,408739,102.52,158
223,Fargo,1996,8.1,85.0,596200,24.61,98
224,Close Encounters of the Third Kind,1977,7.6,90.0,178621,132.09,138
225,About Time,2013,7.8,55.0,286976,15.32,123
226,Pan's Labyrinth,2006,8.2,98.0,602917,37.63,118
227,Princess Mononoke,1997,8.4,76.0,326020,2.38,134
228,The Sound of Music,1965,8.0,63.0,197086,163.21,172
229,Captain America: The Winter Soldier,2014,7.7,70.0,713983,259.77,136
230,The Hobbit: The Desolation of Smaug,2013,7.8,66.0,588055,258.37,161
231,Primal Fear,1996,7.7,47.0,178626,56.12,129
232,A Beautiful Mind,2001,8.2,72.0,821181,170.74,135
233,The Godfather: Part III,1990,7.6,60.0,347411,66.67,162
234,Mulan,1998,7.6,71.0,241921,120.62,88
235,Black Hawk Down,2001,7.7,74.0,355987,108.64,144
236,Blazing Saddles,1974,7.7,73.0,122378,119.5,93
237,Kill Bill: Vol. 2,2004,8.0,83.0,663090,66.21,137
238,True Grit,2010,7.6,80.0,302184,171.24,110
239,Brokeback Mountain,2005,7.7,87.0,314931,83.04,134
240,Wind River,2017,7.7,73.0,192769,33.8,107
241,Man on Fire,2004,7.7,47.0,321864,77.91,146
242,Once Upon a Time in America,1984,8.4,79.0,299049,5.32,229
243,Despicable Me,2010,7.6,72.0,488326,251.51,95
244,Sin City,2005,8.0,74.0,731243,74.1,124
245,Home Alone,1990,7.6,63.0,448511,285.76,103
246,Once Upon a Time in the West,1968,8.5,80.0,291795,5.32,165
247,Boyz n the Hood,1991,7.7,76.0,120388,57.5,112
248,Moneyball,2011,7.6,87.0,350099,75.61,133
249,Superbad,2007,7.6,76.0,508124,121.46,113
250,Inside Out,2015,8.1,94.0,586404,356.46,95
251,Silver Linings Playbook,2012,7.7,81.0,647651,132.09,122
252,The Intouchables,2011,8.5,57.0,730584,13.18,112
253,The Wizard of Oz,1939,8.0,100.0,364770,2.08,102
254,Predator,1987,7.8,45.0,362242,59.74,107
255,Star Wars: Episode VI - Return of the Jedi,1983,8.3,58.0,921731,309.13,131
256,The Incredibles,2004,8.0,90.0,638605,261.44,115
257,Spotlight,2015,8.1,93.0,401508,45.06,129
258,Dead Poets Society,1989,8.1,79.0,406509,95.86,128
259,The Sandlot,1993,7.8,55.0,76278,32.42,101
260,Casablanca,1942,8.5,100.0,505875,1.02,102
261,Finding Nemo,2003,8.1,90.0,921533,380.84,100
262,City of God,2002,8.6,79.0,681617,7.56,130
263,Stardust,2007,7.6,66.0,248229,38.63,127
264,Incredibles 2,2018,7.6,80.0,235904,608.58,118
265,Nightcrawler,2014,7.9,76.0,443246,32.38,117
266,Warrior,2011,8.2,71.0,424517,13.66,140
267,Bridge of Spies,2015,7.6,81.0,278728,72.31,142
268,12 Monkeys,1995,8.0,74.0,565093,57.14,129
269,Some Like It Hot,1959,8.2,98.0,236091,25.0,121
270,Toy Story,1995,8.3,95.0,857613,191.8,81
271,The Pursuit of Happyness,2006,8.0,64.0,433325,163.57,117
272,Tangled,2010,7.7,71.0,393007,200.82,100
273,Capernaum,2018,8.4,75.0,49984,1.66,126
274,The Deer Hunter,1978,8.1,86.0,301858,48.98,183
275,Training Day,2001,7.7,69.0,378114,76.63,122
276,Shrek,2001,7.8,84.0,596179,267.67,90
277,The Hunt for Red October,1990,7.6,58.0,173460,122.01,135
278,The Fault in Our Stars,2014,7.7,69.0,333983,124.87,126
279,The Blind Side,2009,7.6,53.0,283507,255.96,129
280,Hot Fuzz,2007,7.8,81.0,449811,23.64,121
281,Vertigo,1958,8.3,100.0,348180,3.2,128
282,Dr. Strangelove or: How I Learned to Stop Worrying and Love the Bomb,1964,8.4,97.0,437747,0.28,95
283,The Exorcist,1973,8.0,81.0,351833,232.91,122
284,L.A. Confidential,1997,8.2,90.0,518068,64.62,138
285,Little Miss Sunshine,2006,7.8,80.0,428884,59.89,101
286,Hell or High Water,2016,7.6,88.0,195630,26.86,102
287,Rocky,1976,8.1,70.0,502417,117.24,120
288,X-Men: Days of Future Past,2014,8.0,75.0,647017,233.92,132
289,Wonder,2017,8.0,66.0,131158,132.42,113
290,Young Frankenstein,1974,8.0,80.0,139441,86.3,106
291,Airplane!,1980,7.7,78.0,204886,83.4,88
292,The Hunt,2012,8.3,77.0,266217,0.69,115
293,The Fugitive,1993,7.8,87.0,259805,183.88,130
294,28 Days Later...,2002,7.6,73.0,367184,45.06,113
295,Rush,2013,8.1,74.0,419034,26.95,123
296,Trainspotting,1996,8.1,83.0,619720,16.5,93
297,The Last Samurai,2003,7.7,55.0,389055,111.11,154
298,Manchester by the Sea,2016,7.8,96.0,235779,47.7,137
299,Straight Outta Compton,2015,7.9,72.0,174825,161.2,147
300,What's Eating Gilbert Grape,1993,7.8,73.0,208585,9.17,118
301,The Last of the Mohicans,1992,7.7,76.0,144419,75.51,112
302,Sherlock Holmes,2009,7.6,57.0,571133,209.03,128
303,Argo,2012,7.7,86.0,560077,136.03,120
304,Mary Poppins,1964,7.8,88.0,153133,102.27,139
305,Kick-Ass,2010,7.6,66.0,515611,48.07,117
306,Up,2009,8.2,88.0,904478,293.0,96
307,Dallas Buyers Club,2013,8.0,80.0,426756,27.3,117
308,Deliverance,1972,7.7,80.0,95937,7.06,109
309,The Untouchables,1987,7.9,79.0,270601,76.27,119
310,Amélie,2001,8.3,69.0,686401,33.23,122
311,Platoon,1986,8.1,92.0,370723,138.53,120
312,Lost in Translation,2003,7.7,89.0,398255,44.59,102
313,Mystic River,2003,7.9,84.0,408755,90.14,138
314,Seven Samurai,1954,8.6,98.0,304881,0.27,207
315,Frost/Nixon,2008,7.7,80.0,100659,18.59,122
316,Slumdog Millionaire,2008,8.0,84.0,782339,141.32,120
317,Magnolia,1999,8.0,77.0,282767,22.46,188
318,Dances with Wolves,1990,8.0,72.0,233357,184.21,181
319,Edward Scissorhands,1990,7.9,74.0,434652,56.36,105
320,Star Trek Into Darkness,2013,7.7,72.0,456975,228.78,132
321,Zombieland,2009,7.6,73.0,507045,75.59,88
322,Big Fish,2003,8.0,58.0,405834,66.26,125
323,The Bourne Identity,2002,7.9,68.0,495928,121.66,119
324,Lion,2016,8.0,69.0,204035,51.74,118
325,"Monsters, Inc.",2001,8.0,79.0,789275,289.92,92
326,"Lock, Stock and Two Smoking Barrels",1998,8.2,66.0,520703,3.9,107
327,Who Framed Roger Rabbit,1988,7.7,83.0,177223,156.45,104
328,Scent of a Woman,1992,8.0,59.0,249386,63.9,156
329,Glory,1989,7.8,78.0,117848,26.83,122
330,Brazil,1985,7.9,84.0,183269,9.93,132
331,Saw,2004,7.6,46.0,369588,56.0,103
332,Being John Malkovich,1999,7.7,90.0,301496,22.86,113
333,National Lampoon's Christmas Vacation,1989,7.6,49.0,147733,71.32,97
334,The Lives of Others,2006,8.4,89.0,346512,11.29,137
335,Million Dollar Baby,2004,8.1,86.0,618450,100.49,132
336,Blue Velvet,1986,7.8,76.0,174679,8.55,120
337,Amadeus,1984,8.3,88.0,358264,51.97,160
338,3:10 to Yuma,2007,7.7,76.0,281692,53.61,122
339,How to Train Your Dragon,2010,8.1,75.0,646858,217.58,98
340,Before Sunrise,1995,8.1,77.0,259102,5.54,101
341,Aladdin,1992,8.0,86.0,360541,217.35,90
342,My Neighbor Totoro,1988,8.2,86.0,273304,1.11,86
343,Citizen Kane,1941,8.3,100.0,385948,1.59,119
344,Shaun of the Dead,2004,7.9,76.0,498941,13.54,99
345,Blow-Up,1966,7.6,82.0,54482,24.795,111
346,Toy Story 3,2010,8.3,92.0,734480,415.0,103
347,Serenity,2005,7.8,74.0,278580,25.51,119
348,American Gangster,2007,7.8,76.0,381641,130.16,157
349,In Bruges,2008,7.9,67.0,381197,7.76,107
350,WALL·E,2008,8.4,95.0,967280,223.81,98
351,3 Idiots,2009,8.4,67.0,327813,6.53,170
352,Monty Python and the Holy Grail,1975,8.2,93.0,488179,1.23,91
353,500 Days of Summer,2009,7.7,76.0,461493,32.39,95
354,Rear Window,1954,8.4,100.0,428324,36.76,112
355,The Apartment,1960,8.3,94.0,156987,18.6,125
356,First Blood,1982,7.7,61.0,219537,47.21,93
357,The Little Mermaid,1989,7.6,88.0,229763,111.54,83
358,Chinatown,1974,8.2,92.0,283929,29.2,130
359,The Machinist,2004,7.7,61.0,348451,1.08,101
360,Office Space,1999,7.7,68.0,236286,10.82,89
361,Groundhog Day,1993,8.0,72.0,565918,70.91,101
362,Halloween,1978,7.8,87.0,220572,47.0,91
363,"O Brother, Where Art Thou?",2000,7.7,69.0,276875,45.51,107
364,As Good as It Gets,1997,7.7,67.0,268187,148.48,139
365,Taken,2008,7.8,51.0,555607,145.0,90
366,Mad Max 2: The Road Warrior,1981,7.6,77.0,162278,12.47,96
367,Memories of Murder,2003,8.1,82.0,125024,0.01,132
368,Gravity,2013,7.7,96.0,750892,274.09,91
369,Downfall,2004,8.2,82.0,322465,5.51,156
370,Raging Bull,1980,8.2,89.0,310996,23.38,129
371,Philadelphia,1993,7.7,66.0,217976,77.32,125
372,Moonrise Kingdom,2012,7.8,84.0,309043,45.51,94
373,Incendies,2010,8.3,80.0,139970,6.86,131
374,The Farewell,2019,7.6,89.0,41920,16.88,100
375,The Warriors,1979,7.6,65.0,90902,22.49,92
376,The Game,1997,7.8,61.0,333878,48.32,129
377,The Fighter,2010,7.8,79.0,331922,93.62,116
378,The Dirty Dozen,1967,7.7,73.0,65236,45.3,150
379,District 9,2009,7.9,81.0,627469,115.65,112
380,Fear and Loathing in Las Vegas,1998,7.6,41.0,253101,10.68,118
381,Rosemary's Baby,1968,8.0,96.0,185411,24.795,137
382,The Secret in Their Eyes,2009,8.2,80.0,185982,6.39,129
383,The Graduate,1967,8.0,83.0,248357,104.95,106
384,The Butterfly Effect,2004,7.6,30.0,441739,57.94,113
385,Dog Day Afternoon,1975,8.0,86.0,229115,50.0,125
386,Fantastic Mr. Fox,2009,7.9,83.0,190902,21.0,87
387,Misery,1990,7.8,75.0,177443,61.28,107
388,Kung Fu Hustle,2004,7.7,78.0,123712,17.11,99
389,Dangal,2016,8.4,79.0,144504,12.39,161
390,Y Tu Mamá También,2001,7.6,88.0,112812,13.62,106
391,Blood Diamond,2006,8.0,64.0,486329,57.37,143
392,Changeling,2008,7.7,63.0,231874,35.74,141
393,The Fly,1986,7.6,79.0,154165,40.46,96
394,The Jungle Book,1967,7.6,65.0,161132,141.84,78
395,The Skin I Live In,2011,7.6,70.0,133643,3.19,120
396,The Theory of Everything,2014,7.7,72.0,387101,35.89,123
397,The Hurt Locker,2008,7.6,95.0,411692,17.02,131
398,Grave of the Fireflies,1988,8.5,94.0,221658,24.795,89
399,Empire of the Sun,1987,7.7,62.0,112188,22.24,153
400,Roma,2018,7.7,96.0,132310,24.795,135
401,Die Hard with a Vengeance,1995,7.6,58.0,355307,100.01,128
402,The Crow,1994,7.6,71.0,162601,50.69,102
403,Breakfast at Tiffany's,1961,7.7,76.0,161689,24.795,115
404,Lord of War,2005,7.6,62.0,288406,24.15,122
405,Life of Pi,2012,7.9,79.0,566689,124.99,127
406,Only the Brave,2017,7.6,72.0,53949,18.34,134
407,Blow,2001,7.6,52.0,235019,52.99,124
408,Cinema Paradiso,1988,8.5,80.0,219835,11.99,155
409,To Kill a Mockingbird,1962,8.2,88.0,286922,24.795,129
410,Gran Torino,2008,8.1,72.0,702743,148.1,116
411,The Naked Gun: From the Files of Police Squad!,1988,7.6,76.0,146414,78.76,85
412,The Others,2001,7.6,74.0,328449,96.52,104
413,The Great Escape,1963,8.2,86.0,217847,12.1,172
414,The Elephant Man,1980,8.1,78.0,212556,24.795,124
415,This Is Spinal Tap,1984,7.9,92.0,125776,0.19,82
416,Sleepers,1996,7.6,49.0,182829,49.1,147
417,My Cousin Vinny,1992,7.6,68.0,102685,52.93,120
418,It's a Wonderful Life,1946,8.6,89.0,385111,24.795,130
419,Wreck-It Ralph,2012,7.7,72.0,368818,189.42,101
420,Stalker,1979,8.2,79.0,110028,0.23,162
421,Rain Man,1988,8.0,65.0,462056,178.8,133
422,The Count of Monte Cristo,2002,7.8,61.0,126058,54.23,131
423,North by Northwest,1959,8.3,98.0,289023,13.28,136
424,M,1931,8.3,79.0,137817,0.03,99
425,The King's Speech,2010,8.0,88.0,624441,138.8,118
426,Gangs of Wasseypur,2012,8.2,89.0,76601,24.795,321
427,Coraline,2009,7.7,80.0,189083,75.29,100
428,Hunt for the Wilderpeople,2016,7.9,81.0,102786,5.2,101
429,Road to Perdition,2002,7.7,72.0,241004,104.45,117
430,Das Boot,1981,8.3,86.0,224250,11.49,149
431,Togo,2019,8.0,69.0,28797,24.795,113
432,Creed,2015,7.6,82.0,240095,109.77,133
433,Boyhood,2014,7.9,100.0,328909,25.38,165
434,End of Watch,2012,7.6,68.0,222849,41.0,109
435,Mr. Nobody,2009,7.8,63.0,210160,0.0,141
436,Spartacus,1960,7.9,87.0,120771,30.0,197
437,Moon,2009,7.9,67.0,327413,5.01,97
438,Walk the Line,2005,7.8,72.0,227861,119.52,136
439,Ponyo,2008,7.7,86.0,118185,15.09,101
440,I Saw the Devil,2010,7.8,67.0,104503,0.13,144
441,Sunset Blvd.,1950,8.4,79.0,193662,24.795,110
442,The Color Purple,1985,7.8,78.0,75686,98.47,154
443,Beauty and the Beast,1991,8.0,95.0,408447,218.97,84
444,Sense and Sensibility,1995,7.6,84.0,98566,43.18,136
445,The Thin Red Line,1998,7.6,78.0,168134,36.4,170
446,Barry Lyndon,1975,8.1,89.0,143586,24.795,185
447,Lost Highway,1997,7.6,52.0,126524,3.8,134
448,Fiddler on the Roof,1971,8.0,67.0,37765,80.5,181
449,Guess Who's Coming to Dinner,1967,7.8,63.0,37945,56.7,108
450,Dogville,2003,8.0,60.0,133988,1.53,178
451,All the President's Men,1976,8.0,84.0,98883,70.6,138
452,Isle of Dogs,2018,7.9,82.0,130387,32.02,101
453,The Royal Tenenbaums,2001,7.6,76.0,259198,52.36,110
454,Gandhi,1982,8.0,79.0,214198,52.77,191
455,Mississippi Burning,1988,7.8,65.0,84534,34.6,128
456,The Bourne Ultimatum,2007,8.0,85.0,595237,227.47,115
457,Toy Story 2,1999,7.9,88.0,510905,245.85,92
458,Akira,1988,8.0,79.0,157367,0.55,124
459,Nausicaä of the Valley of the Wind,1984,8.1,86.0,142555,0.5,117
460,Gattaca,1997,7.8,64.0,273960,12.34,106
461,"Blood In, Blood Out",1993,8.0,47.0,28057,4.5,180
462,Match Point,2005,7.6,72.0,201631,23.09,124
463,The Remains of the Day,1993,7.8,84.0,63320,22.95,134
464,The Boy in the Striped Pajamas,2008,7.8,55.0,184350,9.03,94
465,Searching,2018,7.6,71.0,127218,26.02,102
466,Sing Street,2016,7.9,79.0,81852,3.24,106
467,The Bourne Supremacy,2004,7.7,73.0,424625,176.24,108
468,Captain Phillips,2013,7.8,82.0,408871,107.1,134
469,Donnie Brasco,1997,7.7,76.0,268842,41.91,127
470,Kiki's Delivery Service,1989,7.8,83.0,115461,24.795,103
471,Planet of the Apes,1968,8.0,79.0,161950,33.4,112
472,Cool Hand Luke,1967,8.1,92.0,157135,16.22,127
473,The Sting,1973,8.3,83.0,234424,159.6,129
474,Butch Cassidy and the Sundance Kid,1969,8.0,66.0,198175,102.31,110
475,Ray,2004,7.7,73.0,135229,75.33,152
476,Singin' in the Rain,1952,8.3,99.0,211119,8.82,103
477,The Maltese Falcon,1941,8.0,96.0,145945,2.11,100
478,Dark City,1998,7.6,66.0,184091,14.38,100
479,Funny Games,1997,7.6,69.0,61993,24.795,108
480,The Birds,1963,7.7,90.0,165619,11.4,119
481,Escape from Alcatraz,1979,7.6,76.0,114706,43.0,112
482,A Silent Voice: The Movie,2016,8.2,78.0,38524,24.795,130
483,When Harry Met Sally...,1989,7.6,76.0,188873,92.82,95
484,7 Kogustaki Mucize,2019,8.3,79.0,26925,24.795,132
485,The Raid: Redemption,2011,7.6,73.0,185903,4.11,101
486,The Last Picture Show,1971,8.0,93.0,40775,29.13,118
487,Serpico,1973,7.7,87.0,105244,29.8,130
488,Fried Green Tomatoes,1991,7.7,64.0,64873,82.42,130
489,Eastern Promises,2007,7.6,82.0,222630,17.11,100
490,Glengarry Glen Ross,1992,7.7,82.0,93136,10.73,100
491,Goldfinger,1964,7.7,87.0,167651,51.08,110
492,Rebel Without a Cause,1955,7.7,89.0,80885,24.795,111
493,Traffic,2000,7.6,86.0,192192,124.12,147
494,Wild Tales,2014,8.1,77.0,167910,3.11,122
495,Shoplifters,2018,8.0,93.0,54413,3.31,121
496,Andhadhun,2018,8.3,79.0,62890,1.37,139
497,For a Few Dollars More,1965,8.3,74.0,223332,15.0,132
498,Pride,2014,7.8,79.0,49977,24.795,119
499,The Boondock Saints,1999,7.8,44.0,223764,0.03,108
500,In the Mood for Love,2000,8.1,85.0,117457,2.73,98
501,127 Hours,2010,7.6,82.0,340176,18.34,94
502,A Bronx Tale,1993,7.8,80.0,123940,17.27,121
503,Gone Baby Gone,2007,7.6,72.0,244020,20.3,114
504,The Illusionist,2006,7.6,68.0,349015,39.87,110
505,The Holy Mountain,1973,7.9,79.0,34920,0.06,114
506,Carlito's Way,1993,7.9,65.0,194922,36.95,144
507,Adaptation.,2002,7.7,83.0,172700,22.25,115
508,Metropolis,1927,8.3,98.0,154673,1.24,153
509,Klaus,2019,8.2,65.0,71501,24.795,96
510,A Streetcar Named Desire,1951,8.0,97.0,96442,8.0,122
511,Enter the Dragon,1973,7.7,83.0,93575,25.0,102
512,The Bridge on the River Kwai,1957,8.1,87.0,197114,44.91,161
513,Battle Royale,2000,7.6,81.0,165406,24.795,114
514,The Nightmare Before Christmas,1993,8.0,82.0,283540,75.08,76
515,The Girl with the Dragon Tattoo,2009,7.8,76.0,205183,10.1,152
516,Castle in the Sky,1986,8.0,78.0,143372,24.795,125
517,Monty Python's Life of Brian,1979,8.1,77.0,356382,20.05,94
518,Before Sunset,2004,8.0,90.0,225943,5.82,80
519,A Fistful of Dollars,1964,8.0,65.0,190160,14.5,99
520,Ip Man,2008,8.0,59.0,206444,24.795,106
521,Billy Elliot,2000,7.7,74.0,122867,22.0,110
522,The Seventh Seal,1957,8.2,79.0,157226,24.795,96
523,Lethal Weapon,1987,7.6,68.0,230784,65.21,109
524,In the Name of the Father,1993,8.1,84.0,151217,25.01,133
525,JFK,1991,8.0,72.0,137336,70.41,189
526,"Paris, Texas",1984,8.1,78.0,84740,2.18,145
527,Annie Hall,1977,8.0,92.0,246828,39.2,93
528,Midnight Cowboy,1969,7.8,79.0,97723,44.79,113
529,The Conversation,1974,7.8,85.0,94530,4.42,113
530,Before Midnight,2013,7.9,94.0,134657,8.11,109
531,My Fair Lady,1964,7.8,95.0,84158,72.0,170
532,Ben-Hur,1959,8.1,90.0,213323,74.7,212
533,The Lego Movie,2014,7.7,83.0,317722,257.76,100
534,Harakiri,1962,8.7,85.0,35428,24.795,133
535,Seven Pounds,2008,7.6,36.0,280894,69.95,123
536,In the Heat of the Night,1967,7.9,75.0,65113,24.38,110
537,Double Indemnity,1944,8.3,95.0,138101,5.72,107
538,Network,1976,8.1,83.0,140537,24.795,121
539,The French Connection,1971,7.7,94.0,106327,15.63,104
540,Dawn of the Planet of the Apes,2014,7.6,79.0,404761,208.55,130
541,Kramer vs. Kramer,1979,7.8,77.0,127900,106.26,105
542,Charade,1963,7.9,83.0,65384,13.47,113
543,Ran,1985,8.2,96.0,107373,4.14,162
544,Solaris,1972,8.1,90.0,77104,24.795,167
545,The Artist,2011,7.9,89.0,226039,44.67,100
546,PK,2014,8.1,79.0,154566,10.62,153
547,Hachi: A Dog's Tale,2009,8.1,79.0,243200,24.795,93
548,Amores Perros,2000,8.1,83.0,217744,5.38,154
549,A Separation,2011,8.3,95.0,212183,7.1,123
550,Rise of the Planet of the Apes,2011,7.6,68.0,488567,176.76,105
551,The Fall,2006,7.9,64.0,105303,2.28,117
552,The Wrestler,2008,7.9,80.0,285141,26.24,109
553,Star Trek II: The Wrath of Khan,1982,7.7,67.0,109995,78.91,113
554,Dangerous Liaisons,1988,7.6,74.0,62751,34.7,119
555,The Ten Commandments,1956,7.8,79.0,61925,93.74,220
556,La Haine,1995,8.1,79.0,142552,0.31,98
557,Paths of Glory,1957,8.4,79.0,170551,24.795,88
558,Blood Simple,1984,7.6,81.0,84579,2.15,99
559,The Bridges of Madison County,1995,7.6,66.0,70424,71.52,135
560,Doctor Zhivago,1965,8.0,69.0,67763,111.72,197
561,The Man from Earth,2007,7.9,79.0,169308,24.795,87
562,Enemy at the Gates,2001,7.6,53.0,236513,51.4,131
563,On the Waterfront,1954,8.1,91.0,137153,9.6,108
564,25th Hour,2002,7.6,68.0,167096,13.06,135
565,Let the Right One In,2008,7.9,82.0,201673,2.12,114
566,Robin Hood,1973,7.6,57.0,111784,32.06,83
567,The Body,2012,7.6,79.0,53330,24.795,108
568,Dirty Harry,1971,7.7,90.0,139461,35.9,102
569,Bonnie and Clyde,1967,7.8,86.0,99484,24.795,111
570,Taare Zameen Par,2007,8.4,79.0,159055,1.22,165
571,Ghost in the Shell,1995,8.0,76.0,124268,0.52,83
572,The Name of the Rose,1986,7.7,54.0,98763,7.15,130
573,"Crouching Tiger, Hidden Dragon",2000,7.8,94.0,248366,128.08,120
574,Snow White and the Seven Dwarfs,1937,7.6,95.0,175804,184.93,83
575,Perfect Blue,1997,8.0,79.0,52464,0.78,81
576,How to Train Your Dragon 2,2014,7.8,76.0,296372,177.0,102
577,Rebecca,1940,8.1,86.0,118130,4.36,130
578,The Insider,1999,7.8,84.0,156104,28.97,157
579,The Searchers,1956,7.9,94.0,77686,24.795,119
580,The Raid 2,2014,8.0,71.0,111180,2.63,150
581,Philomena,2013,7.6,77.0,92284,37.71,98
582,Days of Heaven,1978,7.8,93.0,50308,24.795,94
583,The Best Offer,2013,7.8,49.0,104210,0.09,131
584,The Wind Rises,2013,7.8,83.0,68766,5.21,126
585,Roman Holiday,1953,8.0,78.0,123681,24.795,118
586,I Am Sam,2001,7.7,28.0,140513,40.31,132
587,The Outlaw Josey Wales,1976,7.8,69.0,63572,31.8,135
588,The Iron Giant,1999,8.0,85.0,166948,23.16,86
589,Mother,2009,7.8,79.0,47672,0.55,129
590,Awakenings,1990,7.8,74.0,119501,52.1,121
591,Ordinary People,1980,7.7,86.0,45214,54.8,124
592,Flipped,2010,7.7,45.0,79049,1.75,90
593,Papillon,1973,8.0,58.0,118486,53.27,151
594,Witness for the Prosecution,1957,8.4,79.0,102861,8.18,116
595,Midnight Express,1978,7.6,59.0,71010,35.0,121
596,50/50,2011,7.6,72.0,310556,35.01,100
597,Cabaret,1972,7.8,80.0,46770,42.77,124
598,The Secret World of Arrietty,2010,7.6,80.0,76237,19.2,94
599,Short Term 12,2013,8.0,82.0,78697,1.01,96
600,Naked,1993,7.8,84.0,32877,1.77,132
601,Persona,1966,8.1,86.0,97288,24.795,83
602,Rushmore,1998,7.7,86.0,164661,17.11,93
603,Cinderella Man,2005,8.0,69.0,172648,61.65,144
604,October Sky,1999,7.8,71.0,79379,32.48,108
605,Rope,1948,8.0,73.0,124459,24.795,80
606,Evil Dead II,1987,7.8,69.0,143676,5.92,84
607,Ed Wood,1994,7.8,70.0,162296,5.89,127
608,"Synecdoche, New York",2008,7.6,67.0,78566,3.08,124
609,Night of the Living Dead,1968,7.9,89.0,112213,0.09,96
610,The Man Who Shot Liberty Valance,1962,8.1,94.0,66645,24.795,123
611,The King of Comedy,1982,7.8,73.0,82704,2.5,109
612,Sabrina,1954,7.7,72.0,57145,24.795,113
613,East of Eden,1955,7.9,72.0,39018,24.795,118
614,The Wild Bunch,1969,7.9,97.0,75565,12.06,135
615,Whisper of the Heart,1995,7.9,75.0,47482,24.795,111
616,Leviathan,2014,7.6,92.0,47438,1.09,140
617,The Magdalene Sisters,2002,7.7,83.0,25479,4.89,114
618,Dawn of the Dead,1978,7.9,71.0,108500,5.1,127
619,Mysterious Skin,2004,7.6,73.0,64592,0.7,105
620,Mary and Max,2009,8.1,79.0,159844,24.795,92
621,Cold War,2018,7.6,90.0,44738,4.57,89
622,Beasts of No Nation,2015,7.7,79.0,70727,0.08,137
623,All That Jazz,1979,7.9,72.0,26822,37.82,123
624,Arsenic and Old Lace,1944,8.0,79.0,63785,24.795,118
625,Me and Earl and the Dying Girl,2015,7.7,74.0,119639,6.74,105
626,La Dolce Vita,1960,8.0,95.0,63840,19.52,174
627,Hotel Rwanda,2004,8.1,79.0,327305,23.53,121
628,Hedwig and the Angry Inch,2001,7.7,85.0,31248,3.03,95
629,The Great Dictator,1940,8.4,79.0,195295,0.29,125
630,The Last Emperor,1987,7.7,76.0,90976,43.98,163
631,Barton Fink,1991,7.7,69.0,109971,6.15,116
632,Contempt,1963,7.6,79.0,27499,0.04,102
633,Mommy,2014,8.1,74.0,47986,3.49,139
634,The Message,1976,8.2,79.0,42539,24.795,177
635,Miller's Crossing,1990,7.7,66.0,123077,5.08,115
636,Gully Boy,2019,8.1,65.0,28120,5.57,153
637,Anatomy of a Murder,1959,8.0,95.0,57809,11.9,161
638,Kelly's Heroes,1970,7.6,50.0,43982,1.38,144
639,The Longest Day,1962,7.8,75.0,51152,39.1,178
640,Clerks,1994,7.7,70.0,208400,3.15,92
641,Harold and Maude,1971,7.9,62.0,68850,24.795,91
642,Paddington 2,2017,7.8,88.0,57009,40.44,103
643,Porco Rosso,1992,7.7,83.0,72606,24.795,94
644,Baahubali: The Beginning,2015,8.1,79.0,99110,6.74,159
645,Black Book,2006,7.7,71.0,71160,4.4,145
646,21 Grams,2003,7.7,70.0,220313,16.29,124
647,My Left Foot,1989,7.9,97.0,65556,14.74,103
648,After Hours,1985,7.7,90.0,55797,10.6,97
649,Sling Blade,1996,8.0,84.0,85298,24.48,135
650,Modern Times,1936,8.5,96.0,208809,0.16,87
651,8½,1963,8.0,79.0,105453,0.05,138
652,What Ever Happened to Baby Jane?,1962,8.1,75.0,48338,4.05,134
653,From Here to Eternity,1953,7.6,85.0,41973,30.5,118
654,The Last King of Scotland,2006,7.7,74.0,171940,17.61,123
655,The Night of the Hunter,1955,8.0,99.0,79502,0.65,92
656,Dancer in the Dark,2000,8.0,61.0,99325,4.18,140
657,Cape Fear,1962,7.7,76.0,25430,24.795,106
658,Giant,1956,7.6,84.0,32976,0.18,201
659,Badlands,1973,7.8,93.0,63230,24.795,94
660,The Right Stuff,1983,7.8,91.0,54608,21.5,193
661,Three Colors: Blue,1993,7.9,85.0,85323,1.32,94
662,Nosferatu,1922,7.9,79.0,85950,24.795,94
663,Freaks,1932,7.9,80.0,40807,24.795,64
664,Stagecoach,1939,7.9,93.0,41661,24.795,96
665,This Is England,2006,7.7,86.0,113702,0.33,101
666,Chungking Express,1994,8.1,77.0,59053,0.6,102
667,Paper Moon,1973,8.1,77.0,40833,30.93,102
668,A Little Princess,1995,7.7,83.0,31198,10.02,97
669,All About Eve,1950,8.2,98.0,116597,0.01,138
670,Rashomon,1950,8.2,98.0,146418,0.1,88
671,The Man from Nowhere,2010,7.8,79.0,60165,0.01,119
672,The Great Beauty,2013,7.8,86.0,78006,2.85,141
673,Fanny and Alexander,1982,8.1,100.0,55640,4.97,188
674,Wings of Desire,1987,8.0,79.0,62270,3.33,128
675,The Third Man,1949,8.1,97.0,154032,0.45,93
676,Lucky Number Slevin,2006,7.7,53.0,295790,22.49,110
677,The Treasure of the Sierra Madre,1948,8.2,98.0,110389,5.01,126
678,Finding Neverland,2004,7.7,67.0,195580,51.68,106
679,Detachment,2011,7.7,52.0,74107,0.07,98
680,Dial M for Murder,1954,8.2,75.0,151557,0.01,105
681,Hero,2002,7.9,85.0,171282,53.71,120
682,Manhattan,1979,7.9,83.0,128231,45.7,96
683,Loving Vincent,2017,7.8,62.0,47373,6.74,94
684,High Noon,1952,7.9,89.0,94957,9.45,85
685,The Adventures of Robin Hood,1938,7.9,97.0,45925,3.98,102
686,Zindagi Na Milegi Dobara,2011,8.1,79.0,64556,3.11,155
687,Winter Sleep,2014,8.1,88.0,43336,0.17,196
688,Letters from Iwo Jima,2006,7.9,89.0,151363,13.76,141
689,Where Eagles Dare,1968,7.7,63.0,50264,24.795,158
690,"Planes, Trains & Automobiles",1987,7.6,72.0,118227,49.53,93
691,Happiness,1998,7.7,81.0,65024,2.81,134
692,Baahubali 2: The Conclusion,2017,8.2,79.0,71505,20.19,167
693,Being There,1979,8.0,83.0,63695,30.18,130
694,King Kong,1933,7.9,90.0,77015,10.0,100
695,Pink Floyd: The Wall,1982,8.1,47.0,74128,22.24,95
696,Rio Bravo,1959,8.0,93.0,54213,12.54,141
697,Andrei Rublev,1966,8.1,79.0,44047,0.1,205
698,The Muppet Movie,1979,7.6,74.0,31551,76.66,95
699,Bicycle Thieves,1948,8.3,79.0,139657,0.33,89
700,Withnail & I,1987,7.7,84.0,39032,1.54,107
701,Paprika,2006,7.7,81.0,67387,0.88,90
702,The Kid,1921,8.3,79.0,107540,5.45,68
703,It Happened One Night,1934,8.1,87.0,90436,4.36,105
704,The Mirror,1975,8.1,79.0,37440,0.18,107
705,The Tale of The Princess Kaguya,2013,8.0,89.0,35337,1.51,137
706,Neon Genesis Evangelion: The End of Evangelion,1997,8.1,79.0,35278,24.795,87
707,The Tenant,1976,7.7,79.0,37904,1.92,126
708,The Straight Story,1999,8.0,86.0,79264,6.2,112
709,"South Park: Bigger, Longer & Uncut",1999,7.7,73.0,189042,52.01,81
710,Belle de Jour,1967,7.7,79.0,38714,0.03,100
711,Breathless,1960,7.9,79.0,70319,0.34,90
712,Kubo and the Two Strings,2016,7.8,84.0,113988,48.02,101
713,Wild Strawberries,1957,8.2,88.0,91603,24.795,91
714,The Chaser,2008,7.9,64.0,55446,24.795,125
715,Mr. Smith Goes to Washington,1939,8.1,73.0,103663,9.6,129
716,The Killing,1956,8.0,79.0,78879,24.795,84
717,Amour,2012,7.9,94.0,90446,6.74,127
718,When Marnie Was There,2014,7.7,72.0,29562,0.77,103
719,The Philadelphia Story,1940,7.9,96.0,61568,24.795,112
720,Ninja Scroll,1993,7.9,79.0,33536,24.795,94
721,Drishyam,2015,8.2,79.0,64121,0.74,163
722,Zulu,1964,7.7,77.0,34875,24.795,138
723,The Manchurian Candidate,1962,7.9,94.0,69834,24.795,126
724,K.G.F: Chapter 1,2018,8.2,79.0,30463,24.795,156
725,Three Colors: Red,1994,8.1,100.0,86647,4.04,99
726,The Killing Fields,1984,7.8,76.0,50001,34.7,141
727,Touch of Evil,1958,8.0,99.0,96296,2.24,95
728,Patton,1970,7.9,91.0,91870,61.7,172
729,Nebraska,2013,7.7,87.0,109956,17.65,115
730,Dead Man,1995,7.6,62.0,88090,1.04,121
731,The Taking of Pelham One Two Three,1974,7.7,68.0,25442,24.795,104
732,Uri: The Surgical Strike,2019,8.3,79.0,40138,4.19,138
733,Ikiru,1952,8.3,79.0,64351,0.06,143
734,The Hurricane,1999,7.6,74.0,89633,50.67,146
735,The 400 Blows,1959,8.1,79.0,100626,24.795,99
736,Fantasia,1940,7.8,96.0,86160,76.41,125
737,Victoria,2015,7.6,77.0,49940,24.795,138
738,Lady Vengeance,2005,7.6,75.0,69572,0.21,115
739,"Spring, Summer, Fall, Winter... and Spring",2003,8.0,85.0,75015,2.38,103
740,Run Lola Run,1998,7.6,77.0,185069,7.27,80
741,The Lunchbox,2013,7.8,76.0,48080,4.23,104
742,On Golden Pond,1981,7.6,68.0,26779,119.29,109
743,Yojimbo,1961,8.2,79.0,106015,24.795,110
744,Strangers on a Train,1951,8.0,88.0,120037,7.63,101
745,Tokyo Story,1953,8.2,79.0,49464,24.795,136
746,Land of Mine,2015,7.8,75.0,33096,0.44,100
747,Breaking the Waves,1996,7.8,76.0,60665,4.04,159
748,Hamlet,1996,7.7,79.0,35366,4.41,242
749,High and Low,1963,8.4,79.0,29979,24.795,143
750,Who's Afraid of Virginia Woolf?,1966,8.0,75.0,67184,24.795,131
751,"Duck, You Sucker",1971,7.6,77.0,28799,0.7,138
752,Children of Heaven,1997,8.3,79.0,61256,0.93,89
753,Notorious,1946,7.9,100.0,89636,10.46,102
754,Once,2007,7.8,88.0,108579,9.44,86
755,Volver,2006,7.6,84.0,92531,12.9,121
756,Lagaan: Once Upon a Time in India,2001,8.1,84.0,101296,0.07,224
757,Waking Life,2001,7.8,82.0,59539,2.89,99
758,The Secret of NIMH,1982,7.6,76.0,35156,10.14,82
759,Queen,2013,8.2,79.0,58518,1.43,146
760,Perfect Strangers,2016,7.8,79.0,53569,24.795,96
761,The Quiet Man,1952,7.7,79.0,33588,10.55,129
762,Once Upon a Time in Anatolia,2011,7.9,82.0,39349,0.14,157
763,City Lights,1931,8.5,99.0,160652,0.02,87
764,The Big Sleep,1946,7.9,79.0,77045,6.54,114
765,Short Cuts,1993,7.7,79.0,41323,6.11,188
766,The Grapes of Wrath,1940,8.0,96.0,84189,0.06,129
767,The Little Prince,2015,7.7,70.0,54451,1.34,108
768,All About My Mother,1999,7.8,87.0,86300,8.26,101
769,Frankenstein,1931,7.8,91.0,62771,24.795,70
770,The Lion in Winter,1968,7.9,79.0,28252,22.28,134
771,Watership Down,1978,7.6,64.0,32792,24.795,91
772,Stalag 17,1953,8.0,84.0,50039,24.795,120
773,The Thin Man,1934,8.0,79.0,25542,24.795,91
774,A Christmas Story,1983,7.9,77.0,127367,20.61,94
775,Hannah and Her Sisters,1986,7.9,90.0,65179,40.08,107
776,The Hustler,1961,8.0,90.0,73559,24.795,134
777,The Day of the Jackal,1973,7.8,80.0,36216,16.06,143
778,Kal ho naa ho,2003,8.0,54.0,61331,1.79,186
779,La Vie En Rose,2007,7.6,66.0,80931,10.3,140
780,The Conformist,1970,8.0,100.0,25694,0.54,113
781,Sympathy for Mr. Vengeance,2002,7.6,56.0,60420,0.05,129
782,The Verdict,1982,7.7,77.0,34529,54.0,129
783,5 Centimeters Per Second,2007,7.6,79.0,48541,24.795,63
784,Udaan,2010,8.2,79.0,41114,0.01,134
785,Red River,1948,7.8,79.0,27129,24.795,133
786,Thank You for Smoking,2005,7.6,71.0,210602,24.79,92
787,The Invisible Man,1933,7.7,87.0,28954,24.795,71
788,Judgment at Nuremberg,1961,8.2,60.0,66576,24.795,179
789,Rififi,1955,8.2,97.0,25256,0.06,118
790,Anand,1971,8.6,79.0,26894,24.795,122
791,Cat on a Hot Tin Roof,1958,8.0,84.0,43443,17.57,108
792,The African Queen,1951,7.7,91.0,69693,0.54,105
793,Talk to Her,2002,7.9,86.0,102126,9.28,112
794,Eyes Without a Face,1960,7.7,90.0,25754,0.05,90
795,Elite Squad,2007,8.1,33.0,95969,0.01,115
796,Open Your Eyes,1997,7.8,79.0,62433,0.37,117
797,A Man Called Ove,2015,7.7,70.0,44289,3.36,116
798,Underground,1995,8.1,79.0,53815,0.17,167
799,Infernal Affairs,2002,8.0,75.0,115772,0.17,101
800,Repulsion,1965,7.7,91.0,47201,24.795,105
801,"I, Daniel Blake",2016,7.9,78.0,50727,0.26,100
802,The Motorcycle Diaries,2004,7.8,75.0,94855,16.76,126
803,The Red Shoes,1948,8.1,79.0,29475,10.9,135
804,Three Colors: White,1994,7.6,88.0,61033,1.46,92
805,Swades,2004,8.2,79.0,79965,1.22,189
806,A Man for All Seasons,1966,7.7,72.0,30204,28.35,120
807,Good Bye Lenin!,2003,7.7,68.0,134923,4.06,121
808,Throne of Blood,1957,8.1,79.0,43947,24.795,110
809,Secrets & Lies,1996,8.0,91.0,35893,13.42,136
810,"Aguirre, the Wrath of God",1972,7.9,79.0,50284,24.795,95
811,Key Largo,1948,7.8,79.0,36020,24.795,100
812,All Quiet on the Western Front,1930,8.0,91.0,55954,3.27,152
813,3-Iron,2004,8.0,72.0,48197,0.24,88
814,The Day the Earth Stood Still,1951,7.7,79.0,75021,24.795,92
815,A Hard Day's Night,1964,7.6,96.0,39024,13.78,87
816,Kagemusha,1980,8.0,84.0,30859,24.795,162
817,Amarcord,1973,7.9,79.0,38423,24.795,123
818,Bringing Up Baby,1938,7.9,91.0,53442,24.795,102
819,The Best Years of Our Lives,1946,8.0,93.0,55914,23.65,170
820,My Name Is Khan,2010,8.0,50.0,95821,4.02,165
821,Song of the Sea,2014,8.1,85.0,48612,0.86,93
822,The Cabinet of Dr. Caligari,1920,8.1,79.0,54941,24.795,67
823,The Diving Bell and the Butterfly,2007,8.0,92.0,101532,5.99,112
824,His Girl Friday,1940,7.9,79.0,51719,0.3,92
825,The Man Who Would Be King,1975,7.8,91.0,42826,24.795,129
826,Interstate 60: Episodes of the Road,2002,7.7,79.0,29128,24.795,116
827,Loveless,2017,7.6,86.0,27861,0.57,127
828,A Very Long Engagement,2004,7.6,76.0,69962,6.17,133
829,Delicatessen,1991,7.6,66.0,78694,1.79,99
830,Fitzcarraldo,1982,8.1,79.0,30036,24.795,158
831,The Wave,2008,7.6,79.0,99993,24.795,107
832,The Double Life of Véronique,1991,7.8,86.0,39906,2.0,98
833,Sunrise,1927,8.1,79.0,45709,0.54,94
834,The White Ribbon,2009,7.8,82.0,66854,2.22,144
835,Ayla: The Daughter of War,2017,8.5,79.0,31732,24.795,125
836,The Vanishing,1988,7.7,79.0,32605,24.795,107
837,The Bandit,1996,8.3,79.0,61135,24.795,128
838,Rang De Basanti,2006,8.2,79.0,107610,2.2,167
839,The Legend of 1900,1998,8.1,58.0,56829,0.26,169
840,Peeping Tom,1960,7.7,79.0,29704,0.08,101
841,A Prophet,2009,7.9,90.0,91538,2.08,155
842,The Hidden Fortress,1958,8.1,79.0,32638,24.795,126
843,Bajrangi Bhaijaan,2015,8.0,79.0,69018,8.18,163
844,Lilya 4-Ever,2002,7.8,82.0,41539,0.18,109
845,Dev.D,2009,8.0,79.0,27861,0.01,144
846,The Salesman,2016,7.8,85.0,47838,2.4,124
847,Shadow of a Doubt,1943,7.8,94.0,57437,24.795,108
848,Munna Bhai M.B.B.S.,2003,8.1,79.0,70881,24.795,156
849,The Station Agent,2003,7.6,81.0,66322,5.74,89
850,Talvar,2015,8.2,79.0,29217,0.34,132
851,Pink,2016,8.1,79.0,36817,1.24,136
852,After the Wedding,2006,7.7,78.0,31029,0.41,120
853,Invasion of the Body Snatchers,1956,7.7,92.0,43491,24.795,80
854,Crimes and Misdemeanors,1989,7.9,77.0,53164,18.25,104
855,Control,2007,7.7,78.0,60344,0.87,122
856,Batman: Mask of the Phantasm,1993,7.8,79.0,41346,5.62,76
857,The Gold Rush,1925,8.2,79.0,96209,5.45,95
858,Bhaag Milkha Bhaag,2013,8.2,79.0,58752,1.63,186
859,Kind Hearts and Coronets,1949,8.0,79.0,33542,24.795,106
860,Head-On,2004,7.9,78.0,49715,24.795,121
861,Cries & Whispers,1972,8.1,79.0,28719,1.74,91
862,Dead Man's Shoes,2004,7.6,52.0,48273,0.01,90
863,Night on Earth,1991,7.8,68.0,53552,2.02,129
864,The World's Fastest Indian,2005,7.8,68.0,50923,5.13,127
865,The Discreet Charm of the Bourgeoisie,1972,7.9,93.0,36900,0.2,102
866,Le Samouraï,1967,8.1,79.0,43247,0.04,101
867,Once Were Warriors,1994,7.9,77.0,30709,2.2,102
868,Sleuth,1972,8.0,79.0,43812,4.08,138
869,Sweet Smell of Success,1957,8.1,100.0,26910,24.795,96
870,Wolf Children,2012,8.1,71.0,36519,24.795,117
871,My Father and My Son,2005,8.3,79.0,75290,24.795,112
872,Ivan's Childhood,1962,8.1,79.0,29745,24.795,84
873,The Return,2003,8.0,82.0,41003,0.5,110
874,Gilda,1946,7.7,79.0,26846,24.795,110
875,The 39 Steps,1935,7.6,93.0,49903,24.795,86
876,The Bride of Frankenstein,1935,7.8,95.0,41834,4.36,75
877,Out of the Past,1947,8.0,79.0,31404,24.795,97
878,The Battle of Algiers,1966,8.1,96.0,50315,0.06,121
879,Badhaai Ho,2018,8.0,79.0,25515,24.795,124
880,The Exterminating Angel,1962,8.1,79.0,28382,24.795,95
881,Shine,1996,7.7,87.0,50270,35.81,105
882,The Celebration,1998,8.0,82.0,76026,1.65,105
883,The Broken Circle Breakdown,2012,7.8,70.0,38389,0.18,111
884,The Girl Who Leapt Through Time,2006,7.8,79.0,57861,24.795,98
885,Hera Pheri,2000,8.2,79.0,53788,24.795,156
886,Kahaani,2012,8.1,79.0,55675,1.04,122
887,Paan Singh Tomar,2012,8.2,79.0,31859,0.04,135
888,Haider,2014,8.1,79.0,48807,0.9,160
889,Baby,2015,8.0,79.0,51233,24.795,159
890,Sholay,1975,8.2,79.0,49723,24.795,162
891,The Lady Vanishes,1938,7.8,79.0,45676,24.795,96
892,The Wages of Fear,1953,8.1,85.0,52296,24.795,131
893,"Black Cat, White Cat",1998,8.1,73.0,49541,0.35,127
894,The Circus,1928,8.2,90.0,25787,24.795,72
895,The Odd Couple,1968,7.7,86.0,30609,44.53,105
896,About Elly,2009,8.0,87.0,42907,0.11,119
897,Wait Until Dark,1967,7.8,81.0,26900,17.55,108
898,Death Note,2006,7.7,79.0,28032,24.795,126
899,The Sea Inside,2004,8.0,74.0,75851,2.09,126
900,A Wednesday,2008,8.1,79.0,71924,24.795,104
901,Laura,1944,8.0,79.0,41240,4.36,88
902,The Chorus,2004,7.9,56.0,55789,3.64,97
903,To Be or Not to Be,1942,8.2,86.0,26482,24.795,99
904,Cowboy Bebop: The Movie,2001,7.9,61.0,41612,1.0,115
905,L'Avventura,1960,7.9,79.0,25299,24.795,144
906,Au Revoir les Enfants,1987,8.0,79.0,30180,4.54,104
907,Dilwale Dulhania Le Jayenge,1995,8.1,79.0,61271,24.795,181
908,Persepolis,2007,8.0,90.0,86423,4.45,96
909,Raise the Red Lantern,1991,8.1,79.0,28313,2.6,125
910,Dil Chahta Hai,2001,8.1,79.0,64735,0.3,183
911,La Strada,1954,8.0,79.0,56420,24.795,108
912,Pierrot le Fou,1965,7.6,79.0,28000,24.795,110
913,Mustang,2015,7.6,83.0,34149,0.85,97
914,The Innocents,1961,7.8,88.0,25630,2.62,100
915,Nights of Cabiria,1957,8.1,79.0,41474,0.75,110
916,Fearless,2006,7.6,70.0,71767,24.63,104
917,To Have and Have Not,1944,7.8,79.0,29976,24.795,100
918,Confessions,2010,7.8,79.0,34507,24.795,106
919,Diabolique,1955,8.0,79.0,59902,24.795,117
920,My Sassy Girl,2001,8.0,79.0,44371,24.795,137
921,Vivre Sa Vie,1962,8.0,79.0,26208,24.795,85
922,Love Me If You Dare,2003,7.6,45.0,66051,0.55,93
923,The Experiment,2001,7.7,60.0,89671,0.14,120
924,In a Better World,2010,7.6,65.0,37802,1.01,118
925,Special 26,2013,8.0,79.0,48917,1.08,144
926,The General,1926,8.1,79.0,77878,1.03,67
927,Ace in the Hole,1951,8.1,72.0,30077,3.97,111
928,The Past,2013,7.8,85.0,43771,1.33,130
929,Hard Boiled,1992,7.8,79.0,45599,24.795,128
930,In America,2002,7.7,76.0,39915,15.54,105
931,Barfi!,2012,8.1,79.0,73205,2.8,151
932,Harvey,1950,7.9,79.0,51645,24.795,104
933,"4 Months, 3 Weeks and 2 Days",2007,7.9,97.0,55092,1.19,113
934,Lupin the 3rd: Castle of Cagliostro,1979,7.7,71.0,25444,24.795,102
935,Elite Squad 2: The Enemy Within,2010,8.0,71.0,77808,0.1,115
936,Brief Encounter,1945,8.0,92.0,34139,24.795,86
937,Il Postino,1994,7.7,81.0,32541,21.85,108
938,The Lost Weekend,1945,7.9,79.0,32498,9.46,101
939,Cell 211,2009,7.6,79.0,62533,24.795,113
940,Down by Law,1986,7.8,75.0,46458,1.44,107
941,The Purple Rose of Cairo,1985,7.7,75.0,45756,10.63,82
942,Udta Punjab,2016,7.8,79.0,25717,24.795,148
943,The Passion of Joan of Arc,1928,8.1,79.0,45146,0.02,114
944,Jules and Jim,1962,7.8,97.0,36206,24.795,105
945,Airlift,2016,8.0,79.0,51420,24.795,130
946,Departures,2008,8.1,68.0,47315,1.5,130
947,Battleship Potemkin,1925,8.0,79.0,51364,0.05,66
948,Joint Security Area,2000,7.8,58.0,25305,24.795,110
949,Inherit the Wind,1960,8.1,75.0,26364,24.795,128
950,Fireworks,1997,7.8,79.0,26693,0.23,103
951,Miracle on 34th Street,1947,7.9,88.0,38875,2.65,96
952,Duck Soup,1933,7.8,93.0,54426,24.795,69
953,Evil,2003,7.8,61.0,34908,0.02,113
954,Vicky Donor,2012,7.8,79.0,38305,0.17,126
955,Black,2005,8.2,79.0,32609,0.73,122
956,Veer-Zaara,2004,7.8,67.0,47454,2.92,192
957,Lifeboat,1944,7.6,78.0,25634,24.795,97
958,Tokyo Godfathers,2003,7.8,73.0,29340,0.13,92
959,Chak de! India,2007,8.2,68.0,71298,1.11,153
960,Tangerines,2013,8.2,73.0,36977,0.14,87
961,The Ladykillers,1955,7.7,91.0,25422,24.795,91
962,No Man's Land,2001,7.9,84.0,43731,1.06,98
963,The Killer,1989,7.8,82.0,44736,24.795,111
964,La Grande Illusion,1937,8.1,79.0,32968,0.17,113
965,The Secret of Kells,2009,7.6,81.0,30166,0.69,75
966,Tae Guk Gi: The Brotherhood of War,2004,8.1,64.0,37146,1.11,140
967,The Virgin Spring,1960,8.1,79.0,25594,1.53,89
968,The Triplets of Belleville,2003,7.8,91.0,49720,7.0,80
969,White Heat,1949,8.1,79.0,28652,24.795,114
970,Sanjuro,1962,8.1,79.0,30861,24.795,96
971,G.O.R.A.,2004,8.0,79.0,54633,24.795,127
972,Sherlock Jr.,1924,8.2,79.0,38838,0.98,45
973,Hiroshima Mon Amour,1959,7.9,79.0,27081,0.09,90
974,Nine Queens,2000,7.9,80.0,48401,1.22,114
975,Adam's Apples,2005,7.8,51.0,44179,0.0,94
976,Jab We Met,2007,7.9,79.0,45797,0.41,138
977,Central Station,1998,8.0,80.0,35035,5.6,110
978,Love and Death,1975,7.7,89.0,34934,24.795,85
979,The Rules of the Game,1939,8.0,79.0,25854,24.795,110
980,Zelig,1983,7.7,79.0,38922,11.8,79
981,The Visitor,2007,7.6,79.0,41016,9.42,104
982,The Shop Around the Corner,1940,8.1,96.0,26470,0.2,99
983,Drishyam,2013,8.4,79.0,29334,24.795,160
984,OMG: Oh My God!,2012,8.1,79.0,48940,0.92,125
985,C.R.A.Z.Y.,2005,7.9,81.0,31071,24.795,127
986,Andaz Apna Apna,1994,8.2,79.0,47892,24.795,160
987,Boy A,2007,7.6,75.0,36315,0.11,102
988,Vampire Hunter D: Bloodlust,2000,7.7,62.0,28315,0.15,103
989,The Edge of Heaven,2007,7.8,85.0,30122,0.74,122
990,Knockin' on Heaven's Door,1997,8.0,79.0,26771,0.0,87
991,Lage Raho Munna Bhai,2006,8.1,79.0,41439,2.22,144
992,The Muppet Christmas Carol,1992,7.7,64.0,46145,27.28,85
993,Joyeux Noel,2005,7.7,70.0,26992,1.05,116
994,English Vinglish,2012,7.8,79.0,32368,1.67,134
995,Le Dîner de Cons,1998,7.7,73.0,36368,4.07,80
996,A Night at the Opera,1935,7.9,79.0,29794,24.795,96
997,And Now for Something Completely Different,1971,7.6,79.0,28279,24.795,88
998,Vizontele,2001,8.0,79.0,31950,24.795,110
999,The Breath,2009,8.0,79.0,31042,24.795,128
